{
  "dependencies": [
    {
      "version": "1.0.0",
      "assetId": "uho-common-datatype-library",
      "groupId": "f210f593-61af-4013-ba54-913f0be17cbb",
      "provided": false
    },
    {
      "version": "1.0.0",
      "assetId": "x-correlation-id-header",
      "groupId": "f210f593-61af-4013-ba54-913f0be17cbb",
      "provided": false
    },
    {
      "version": "1.0.0",
      "assetId": "x-transaction-id-header",
      "groupId": "f210f593-61af-4013-ba54-913f0be17cbb",
      "provided": false
    }
  ],
  "version": "1.0.0",
  "descriptorVersion": "1.0.0",
  "classifier": "raml",
  "main": "uhub-sapi.raml",
  "assetId": "uhub-sapi",
  "groupId": "f210f593-61af-4013-ba54-913f0be17cbb",
  "name": "uhub-sapi"
}